{"original":"respaldo\/restaurar_proc.php\/20250628_085926.txt","eliminado":".papelera_creawebes\/20250628_085926.txt","fecha":"2025-06-28 22:10:06"}
{"original":"TROLO.txt","eliminado":".papelera_creawebes\/TROLO.txt","fecha":"2025-06-28 22:14:56"}
{"original":"_informes_restore\/informe-restore-20250628_215342.txt","eliminado":".papelera_creawebes\/informe-restore-20250628_215342.txt","fecha":"2025-06-29 07:38:24"}
{"original":"_informes_restore\/informe-restore-20250628_220011.txt","eliminado":".papelera_creawebes\/informe-restore-20250628_220011.txt","fecha":"2025-06-29 07:38:44"}
{"original":"_informes_restore\/informe-restore-20250628_221153.txt","eliminado":".papelera_creawebes\/informe-restore-20250628_221153.txt","fecha":"2025-06-29 07:38:50"}
{"original":"_informes_restore\/historial_restore.txt","eliminado":".papelera_creawebes\/historial_restore.txt","fecha":"2025-06-29 07:39:18"}
{"original":"_informes_restore\/informe-restore-20250628_221521.txt","eliminado":".papelera_creawebes\/informe-restore-20250628_221521.txt","fecha":"2025-06-29 07:39:18"}
{"original":"respaldo\/descomprimir.php","eliminado":".papelera_creawebes\/descomprimir.php","fecha":"2025-06-29 07:41:04"}
{"original":"respaldo\/restaurar_proc.php","eliminado":".papelera_creawebes\/restaurar_proc.php","fecha":"2025-06-29 07:41:43"}
{"original":"respaldo\/comprimir.php\/20250628_202048.txt","eliminado":".papelera_creawebes\/20250628_202048.txt","fecha":"2025-06-29 07:42:36"}
{"original":"20250628_162246.txt","eliminado":".papelera_creawebes\/20250628_162246.txt","fecha":"2025-06-29 07:43:21"}
{"original":"20250628_164646.txt","eliminado":".papelera_creawebes\/20250628_164646.txt","fecha":"2025-06-29 07:43:21"}
{"original":"20250628_154504.txt","eliminado":".papelera_creawebes\/20250628_154504.txt","fecha":"2025-06-29 07:43:21"}
{"original":"respaldo\/comprimir.php","eliminado":".papelera_creawebes\/comprimir.php","fecha":"2025-06-29 07:43:42"}
{"original":"respaldo\/Ensayos\/index.php\/20250628_182439.txt","eliminado":".papelera_creawebes\/20250628_182439.txt","fecha":"2025-06-29 07:43:54"}
